0.023219955,-220
0.026122449,-220
0.029024943,-220
0.031927438,-220
0.034829932,-220
0.037732426,-220
0.040634921,-220
0.043537415,-220
0.046439909,-220
0.049342404,-220
0.052244898,-220
0.055147392,-220
0.058049887,-220
0.060952381,-220
0.063854875,-220
0.066757370,-220
0.069659864,-220
0.072562358,-220
0.075464853,-220
0.078367347,-220
0.081269841,-220
0.084172336,-220
0.087074830,-220
0.089977324,-220
0.092879819,-220
0.095782313,-220
0.098684807,-220
0.101587302,-220
0.104489796,-220
0.107392290,-220
0.110294785,-220
0.113197279,-220
0.116099773,-220
0.119002268,-220
0.121904762,-220
0.124807256,-220
0.127709751,-220
0.130612245,-220
0.133514739,-220
0.136417234,-220
0.139319728,-220
0.142222222,-220
0.145124717,-220
0.148027211,-220
0.150929705,-220
0.153832200,-220
0.156734694,-220
0.159637188,-220
0.162539683,-220
0.165442177,-220
0.168344671,-220
0.171247166,-220
0.174149660,-220
0.177052154,-220
0.179954649,-220
0.182857143,-220
0.185759637,-220
0.188662132,-220
0.191564626,-220
0.194467120,-220
0.197369615,-220
0.200272109,-220
0.203174603,-220
0.206077098,-220
0.208979592,-220
0.211882086,-220
0.214784580,-220
0.217687075,-220
0.220589569,-220
0.223492063,-220
0.226394558,-220
0.229297052,-220
0.232199546,-220
0.235102041,-220
0.238004535,-220
0.240907029,-220
0.243809524,-220
0.246712018,-220
0.249614512,-220
0.252517007,-220
0.255419501,-220
0.258321995,-220
0.261224490,-220
0.264126984,-220
0.267029478,-220
0.269931973,-220
0.272834467,-220
0.275736961,-220
0.278639456,-220
0.281541950,-220
0.284444444,-220
0.287346939,-220
0.290249433,-220
0.293151927,-220
0.296054422,-220
0.298956916,-220
0.301859410,-220
0.304761905,-220
0.307664399,-220
0.310566893,-220
0.313469388,-220
0.316371882,-220
0.319274376,-220
0.322176871,-220
0.325079365,-220
0.327981859,-220
0.330884354,-220
0.333786848,-220
0.336689342,-220
0.339591837,-220
0.342494331,-220
0.345396825,-220
0.348299320,-220
0.351201814,-220
0.354104308,-220
0.357006803,-220
0.359909297,-220
0.362811791,-220
0.365714286,-220
0.368616780,-220
0.371519274,-220
0.374421769,-220
0.377324263,-220
0.380226757,-220
0.383129252,-220
0.386031746,-220
0.388934240,-220
0.391836735,-220
0.394739229,-220
0.397641723,-220
0.400544218,-220
0.403446712,-220
0.406349206,-220
0.409251701,-220
0.412154195,-220
0.415056689,-220
0.417959184,-220
0.420861678,-220
0.423764172,-220
0.426666667,-220
0.429569161,-220
0.432471655,-220
0.435374150,-220
0.438276644,-220
0.441179138,-220
0.444081633,-220
0.446984127,-220
0.449886621,-220
0.452789116,-220
0.455691610,-220
0.458594104,-220
0.461496599,-220
0.464399093,-220
0.467301587,-220
0.470204082,-220
0.473106576,-220
0.476009070,-220
0.478911565,-220
0.481814059,-220
0.484716553,-220
0.487619048,-220
0.490521542,-220
0.493424036,-220
0.496326531,-220
0.499229025,-220
0.502131519,-220
0.505034014,-220
0.507936508,-220
0.510839002,-220
0.513741497,-220
0.516643991,-220
0.519546485,-220
0.522448980,-220
0.525351474,-220
0.528253968,-220
0.531156463,-220
0.534058957,-220
0.536961451,-220
0.539863946,-220
0.542766440,-220
0.545668934,-220
0.548571429,-220
0.551473923,-220
0.554376417,-220
0.557278912,-220
0.560181406,-220
0.563083900,-220
0.565986395,-220
0.568888889,-220
0.571791383,-220
0.574693878,-220
0.577596372,-220
0.580498866,-220
0.583401361,-220
0.586303855,-220
0.589206349,-220
0.592108844,-220
0.595011338,-220
0.597913832,-220
0.600816327,-220
0.603718821,-220
0.606621315,-220
0.609523810,-220
0.612426304,-220
0.615328798,-220
0.618231293,-220
0.621133787,-220
0.624036281,-220
0.626938776,-220
0.629841270,-220
0.632743764,-220
0.635646259,-220
0.638548753,-220
0.641451247,-220
0.644353741,-220
0.647256236,-220
0.650158730,-220
0.653061224,-220
0.655963719,-220
0.658866213,-220
0.661768707,-220
0.664671202,-220
0.667573696,-220
0.670476190,-220
0.673378685,-220
0.676281179,-220
0.679183673,-220
0.682086168,-220
0.684988662,-220
0.687891156,-220
0.690793651,-220
0.693696145,-220
0.696598639,-220
0.699501134,-220
0.702403628,-220
0.705306122,-220
0.708208617,-220
0.711111111,-220
0.714013605,-220
0.716916100,-220
0.719818594,-220
0.722721088,-220
0.725623583,-220
0.728526077,-220
0.731428571,-220
0.734331066,-220
0.737233560,108.11
0.740136054,106.253
0.743038549,159.2
0.745941043,158.283
0.748843537,156.465
0.751746032,152.891
0.754648526,152.01
0.757551020,150.264
0.760453515,151.135
0.763356009,153.777
0.766258503,149.399
0.769160998,152.891
0.772063492,155.563
0.774965986,155.563
0.777868481,159.2
0.780770975,163.865
0.783673469,169.643
0.786575964,175.626
0.789478458,180.772
0.792380952,182.872
0.795283447,183.932
0.798185941,186.069
0.801088435,189.321
0.803990930,189.321
0.806893424,189.321
0.809795918,190.418
0.812698413,189.321
0.815600907,187.147
0.818503401,178.696
0.821405896,175.626
0.824308390,171.614
0.827210884,172.609
0.830113379,171.614
0.833015873,169.643
0.835918367,169.643
0.838820862,169.643
0.841723356,165.769
0.844625850,167.695
0.847528345,161.049
0.850430839,159.2
0.853333333,161.049
0.856235828,157.371
0.859138322,-220
0.862040816,-220
0.864943311,-220
0.867845805,-220
0.870748299,-220
0.873650794,-220
0.876553288,-220
0.879455782,-220
0.882358277,-220
0.885260771,-220
0.888163265,-220
0.891065760,-220
0.893968254,-220
0.896870748,-220
0.899773243,-220
0.902675737,-220
0.905578231,-220
0.908480726,-220
0.911383220,-220
0.914285714,-220
0.917188209,-220
0.920090703,-220
0.922993197,-220
0.925895692,-220
0.928798186,-220
0.931700680,-220
0.934603175,-220
0.937505669,-220
0.940408163,-220
0.943310658,-220
0.946213152,-220
0.949115646,-220
0.952018141,-220
0.954920635,-220
0.957823129,-220
0.960725624,-220
0.963628118,-220
0.966530612,-220
0.969433107,-220
0.972335601,-220
0.975238095,-220
0.978140590,-220
0.981043084,-220
0.983945578,-220
0.986848073,-220
0.989750567,-220
0.992653061,-220
0.995555556,-220
0.998458050,-220
1.001360544,-220
1.004263039,-220
1.007165533,-220
1.010068027,-220
1.012970522,-220
1.015873016,-220
1.018775510,-220
1.021678005,-220
1.024580499,-220
1.027482993,-220
1.030385488,-220
1.033287982,-220
1.036190476,-220
1.039092971,-220
1.041995465,-220
1.044897959,-220
1.047800454,-220
1.050702948,-220
1.053605442,-220
1.056507937,-220
1.059410431,-220
1.062312925,-220
1.065215420,-220
1.068117914,-220
1.071020408,-220
1.073922902,-220
1.076825397,-220
1.079727891,-220
1.082630385,-220
1.085532880,-220
1.088435374,-220
1.091337868,-220
1.094240363,-220
1.097142857,-220
1.100045351,-220
1.102947846,-220
1.105850340,-220
1.108752834,-220
1.111655329,-220
1.114557823,-220
1.117460317,-220
1.120362812,-220
1.123265306,-220
1.126167800,-220
1.129070295,-220
1.131972789,-220
1.134875283,-220
1.137777778,-220
1.140680272,-220
1.143582766,-220
1.146485261,-220
1.149387755,-220
1.152290249,-220
1.155192744,-220
1.158095238,-220
1.160997732,-220
1.163900227,-220
1.166802721,-220
1.169705215,-220
1.172607710,-220
1.175510204,-220
1.178412698,-220
1.181315193,-220
1.184217687,-220
1.187120181,-220
1.190022676,-220
1.192925170,-220
1.195827664,-220
1.198730159,-220
1.201632653,-220
1.204535147,-220
1.207437642,-220
1.210340136,-220
1.213242630,-220
1.216145125,-220
1.219047619,-220
1.221950113,-220
1.224852608,-220
1.227755102,-220
1.230657596,-220
1.233560091,-220
1.236462585,-220
1.239365079,-220
1.242267574,-220
1.245170068,159.2
1.248072562,156.465
1.250975057,152.891
1.253877551,152.01
1.256780045,152.01
1.259682540,150.264
1.262585034,154.668
1.265487528,152.891
1.268390023,152.01
1.271292517,154.668
1.274195011,154.668
1.277097506,158.283
1.280000000,161.982
1.282902494,169.643
1.285804989,174.614
1.288707483,180.772
1.291609977,182.872
1.294512472,183.932
1.297414966,186.069
1.300317460,188.231
1.303219955,189.321
1.306122449,188.231
1.309024943,191.521
1.311927438,189.321
1.314829932,188.231
1.317732426,180.772
1.320634921,176.643
1.323537415,173.608
1.326439909,170.626
1.329342404,172.609
1.332244898,170.626
1.335147392,167.695
1.338049887,170.626
1.340952381,167.695
1.343854875,165.769
1.346757370,162.921
1.349659864,160.122
1.352562358,160.122
1.355464853,159.2
1.358367347,156.465
1.361269841,-220
1.364172336,-220
1.367074830,-220
1.369977324,-220
1.372879819,-220
1.375782313,-220
1.378684807,-220
1.381587302,-220
1.384489796,-220
1.387392290,-220
1.390294785,-220
1.393197279,-220
1.396099773,-220
1.399002268,-220
1.401904762,-220
1.404807256,-220
1.407709751,-220
1.410612245,-220
1.413514739,-220
1.416417234,-220
1.419319728,-220
1.422222222,-220
1.425124717,-220
1.428027211,-220
1.430929705,-220
1.433832200,-220
1.436734694,-220
1.439637188,-220
1.442539683,-220
1.445442177,-220
1.448344671,-220
1.451247166,-220
1.454149660,-220
1.457052154,-220
1.459954649,-220
1.462857143,-220
1.465759637,-220
1.468662132,-220
1.471564626,-220
1.474467120,-220
1.477369615,-220
1.480272109,-220
1.483174603,-220
1.486077098,-220
1.488979592,-220
1.491882086,-220
1.494784580,-220
1.497687075,-220
1.500589569,-220
1.503492063,-220
1.506394558,-220
1.509297052,-220
1.512199546,-220
1.515102041,-220
1.518004535,-220
1.520907029,-220
1.523809524,-220
1.526712018,-220
1.529614512,-220
1.532517007,-220
1.535419501,-220
1.538321995,-220
1.541224490,-220
1.544126984,-220
1.547029478,-220
1.549931973,-220
1.552834467,-220
1.555736961,-220
1.558639456,-220
1.561541950,-220
1.564444444,-220
1.567346939,-220
1.570249433,-220
1.573151927,-220
1.576054422,-220
1.578956916,-220
1.581859410,-220
1.584761905,-220
1.587664399,-220
1.590566893,-220
1.593469388,-220
1.596371882,-220
1.599274376,-220
1.602176871,-220
1.605079365,-220
1.607981859,-220
1.610884354,-220
1.613786848,-220
1.616689342,-220
1.619591837,-220
1.622494331,-220
1.625396825,-220
1.628299320,-220
1.631201814,-220
1.634104308,-220
1.637006803,-220
1.639909297,-220
1.642811791,-220
1.645714286,-220
1.648616780,-220
1.651519274,-220
1.654421769,-220
1.657324263,-220
1.660226757,-220
1.663129252,-220
1.666031746,-220
1.668934240,-220
1.671836735,-220
1.674739229,-220
1.677641723,-220
1.680544218,-220
1.683446712,-220
1.686349206,-220
1.689251701,-220
1.692154195,-220
1.695056689,-220
1.697959184,-220
1.700861678,-220
1.703764172,-220
1.706666667,-220
1.709569161,-220
1.712471655,-220
1.715374150,-220
1.718276644,-220
1.721179138,-220
1.724081633,-220
1.726984127,-220
1.729886621,-220
1.732789116,-220
1.735691610,-220
1.738594104,-220
1.741496599,-220
1.744399093,-220
1.747301587,-220
1.750204082,-220
1.753106576,-220
1.756009070,-220
1.758911565,-220
1.761814059,-220
1.764716553,-220
1.767619048,-220
1.770521542,-220
1.773424036,-220
1.776326531,-220
1.779229025,-220
1.782131519,-220
1.785034014,-220
1.787936508,-220
1.790839002,-220
1.793741497,-220
1.796643991,-220
1.799546485,-220
1.802448980,-220
1.805351474,-220
1.808253968,-220
1.811156463,-220
1.814058957,-220
1.816961451,-220
1.819863946,-220
1.822766440,-220
1.825668934,-220
1.828571429,-220
1.831473923,-220
1.834376417,-220
1.837278912,-220
1.840181406,-220
1.843083900,-220
1.845986395,-220
1.848888889,-220
1.851791383,-220
1.854693878,-220
1.857596372,-220
1.860498866,-220
1.863401361,-220
1.866303855,-220
1.869206349,-220
1.872108844,-220
1.875011338,-220
1.877913832,-220
1.880816327,-220
1.883718821,-220
1.886621315,-220
1.889523810,-220
1.892426304,-220
1.895328798,-220
1.898231293,-220
1.901133787,-220
1.904036281,-220
1.906938776,-220
1.909841270,-220
1.912743764,-220
1.915646259,-220
1.918548753,-220
1.921451247,-220
1.924353741,-220
1.927256236,-220
1.930158730,-220
1.933061224,-220
1.935963719,-220
1.938866213,-220
1.941768707,-220
1.944671202,-220
1.947573696,-220
1.950476190,-220
1.953378685,-220
1.956281179,-220
1.959183673,-220
1.962086168,-220
1.964988662,-220
1.967891156,-220
1.970793651,-220
1.973696145,-220
1.976598639,-220
1.979501134,-220
1.982403628,-220
1.985306122,-220
1.988208617,-220
1.991111111,-220
1.994013605,-220
1.996916100,-220
1.999818594,-220
2.002721088,-220
2.005623583,-220
2.008526077,-220
2.011428571,-220
2.014331066,-220
2.017233560,-220
2.020136054,-220
2.023038549,-220
2.025941043,-220
2.028843537,-220
2.031746032,-220
2.034648526,-220
2.037551020,-220
2.040453515,-220
2.043356009,-220
2.046258503,-220
2.049160998,-220
2.052063492,-220
2.054965986,-220
2.057868481,-220
2.060770975,-220
2.063673469,-220
2.066575964,-220
2.069478458,-220
2.072380952,-220
2.075283447,-220
2.078185941,-220
2.081088435,-220
2.083990930,-220
2.086893424,-220
2.089795918,-220
2.092698413,-220
2.095600907,-220
2.098503401,-220
2.101405896,-220
2.104308390,-220
2.107210884,-220
2.110113379,-220
2.113015873,-220
2.115918367,-220
2.118820862,-220
2.121723356,-220
2.124625850,-220
2.127528345,-220
2.130430839,-220
2.133333333,-220
2.136235828,-220
2.139138322,-220
2.142040816,-220
2.144943311,-220
2.147845805,-220
2.150748299,-220
2.153650794,-220
2.156553288,-220
2.159455782,-220
2.162358277,-220
2.165260771,-220
2.168163265,-220
2.171065760,-220
2.173968254,-220
2.176870748,-220
2.179773243,-220
2.182675737,-220
2.185578231,-220
2.188480726,-220
2.191383220,-220
2.194285714,-220
2.197188209,-220
2.200090703,-220
2.202993197,-220
2.205895692,-220
2.208798186,-220
2.211700680,-220
2.214603175,-220
2.217505669,-220
2.220408163,-220
2.223310658,-220
2.226213152,-220
2.229115646,-220
2.232018141,-220
2.234920635,-220
2.237823129,-220
2.240725624,-220
2.243628118,-220
2.246530612,-220
2.249433107,-220
2.252335601,-220
2.255238095,-220
2.258140590,-220
2.261043084,-220
2.263945578,-220
2.266848073,-220
2.269750567,-220
2.272653061,-220
2.275555556,-220
2.278458050,-220
2.281360544,-220
2.284263039,-220
2.287165533,-220
2.290068027,-220
2.292970522,-220
2.295873016,-220
2.298775510,-220
2.301678005,-220
2.304580499,-220
2.307482993,-220
2.310385488,-220
2.313287982,-220
2.316190476,-220
2.319092971,-220
2.321995465,-220
2.324897959,-220
2.327800454,-220
2.330702948,-220
2.333605442,-220
2.336507937,-220
2.339410431,-220
2.342312925,-220
2.345215420,-220
2.348117914,-220
2.351020408,-220
2.353922902,-220
2.356825397,-220
2.359727891,-220
2.362630385,-220
2.365532880,-220
2.368435374,158.283
2.371337868,158.283
2.374240363,154.668
2.377142857,152.891
2.380045351,152.01
2.382947846,150.264
2.385850340,151.135
2.388752834,153.777
2.391655329,149.399
2.394557823,152.891
2.397460317,155.563
2.400362812,155.563
2.403265306,159.2
2.406167800,164.814
2.409070295,169.643
2.411972789,175.626
2.414875283,180.772
2.417777778,182.872
2.420680272,183.932
2.423582766,186.069
2.426485261,189.321
2.429387755,189.321
2.432290249,189.321
2.435192744,190.418
2.438095238,189.321
2.440997732,186.069
2.443900227,179.731
2.446802721,174.614
2.449705215,170.626
2.452607710,172.609
2.455510204,171.614
2.458412698,168.666
2.461315193,170.626
2.464217687,169.643
2.467120181,164.814
2.470022676,167.695
2.472925170,160.122
2.475827664,159.2
2.478730159,161.982
2.481632653,157.371
2.484535147,-220
2.487437642,-220
2.490340136,-220
2.493242630,-220
2.496145125,-220
2.499047619,-220
2.501950113,-220
2.504852608,-220
2.507755102,-220
2.510657596,-220
2.513560091,-220
2.516462585,-220
2.519365079,-220
2.522267574,-220
2.525170068,-220
2.528072562,-220
2.530975057,-220
2.533877551,-220
2.536780045,-220
2.539682540,-220
2.542585034,-220
2.545487528,-220
2.548390023,-220
2.551292517,-220
2.554195011,-220
2.557097506,-220
2.560000000,-220
2.562902494,-220
2.565804989,-220
2.568707483,-220
2.571609977,-220
2.574512472,-220
2.577414966,-220
2.580317460,-220
2.583219955,-220
2.586122449,-220
2.589024943,-220
2.591927438,-220
2.594829932,-220
2.597732426,-220
2.600634921,-220
2.603537415,-220
2.606439909,-220
2.609342404,-220
2.612244898,-220
2.615147392,-220
2.618049887,-220
2.620952381,-220
2.623854875,-220
2.626757370,-220
2.629659864,-220
2.632562358,-220
2.635464853,-220
2.638367347,-220
2.641269841,-220
2.644172336,-220
2.647074830,-220
2.649977324,-220
2.652879819,-220
2.655782313,-220
2.658684807,-220
2.661587302,-220
2.664489796,-220
2.667392290,-220
2.670294785,-220
2.673197279,-220
2.676099773,-220
2.679002268,-220
2.681904762,-220
2.684807256,-220
2.687709751,-220
2.690612245,-220
2.693514739,-220
2.696417234,-220
2.699319728,-220
2.702222222,-220
2.705124717,-220
2.708027211,-220
2.710929705,-220
2.713832200,-220
2.716734694,-220
2.719637188,-220
2.722539683,-220
2.725442177,-220
2.728344671,-220
2.731247166,-220
2.734149660,-220
2.737052154,-220
2.739954649,-220
2.742857143,162.921
2.745759637,158.283
2.748662132,156.465
2.751564626,152.891
2.754467120,152.01
2.757369615,152.01
2.760272109,151.135
2.763174603,153.777
2.766077098,148.538
2.768979592,152.01
2.771882086,154.668
2.774784580,154.668
2.777687075,158.283
2.780589569,163.865
2.783492063,169.643
2.786394558,175.626
2.789297052,180.772
2.792199546,182.872
2.795102041,183.932
2.798004535,186.069
2.800907029,188.231
2.803809524,189.321
2.806712018,188.231
2.809614512,191.521
2.812517007,189.321
2.815419501,187.147
2.818321995,178.696
2.821224490,175.626
2.824126984,172.609
2.827029478,171.614
2.829931973,172.609
2.832834467,170.626
2.835736961,168.666
2.838639456,169.643
2.841541950,166.729
2.844444444,166.729
2.847346939,161.982
2.850249433,159.2
2.853151927,161.049
2.856054422,158.283
2.858956916,155.563
2.861859410,-220
2.864761905,-220
2.867664399,-220
2.870566893,-220
2.873469388,-220
2.876371882,-220
2.879274376,-220
2.882176871,-220
2.885079365,-220
2.887981859,-220
2.890884354,-220
2.893786848,-220
2.896689342,-220
2.899591837,-220
2.902494331,-220
2.905396825,-220
2.908299320,-220
2.911201814,-220
2.914104308,-220
2.917006803,-220
2.919909297,-220
2.922811791,-220
2.925714286,-220
2.928616780,-220
2.931519274,-220
2.934421769,-220
2.937324263,-220
2.940226757,-220
2.943129252,-220
2.946031746,-220
2.948934240,-220
2.951836735,-220
2.954739229,-220
2.957641723,-220
2.960544218,-220
2.963446712,-220
2.966349206,-220
2.969251701,-220
2.972154195,-220
2.975056689,-220
2.977959184,-220
2.980861678,-220
2.983764172,-220
2.986666667,-220
2.989569161,-220
2.992471655,-220
2.995374150,-220
2.998276644,-220
3.001179138,-220
3.004081633,-220
3.006984127,-220
3.009886621,-220
3.012789116,-220
3.015691610,-220
3.018594104,-220
3.021496599,-220
3.024399093,-220
3.027301587,-220
3.030204082,-220
3.033106576,-220
3.036009070,-220
3.038911565,-220
3.041814059,-220
3.044716553,-220
3.047619048,-220
3.050521542,-220
3.053424036,-220
3.056326531,-220
3.059229025,-220
3.062131519,-220
3.065034014,-220
3.067936508,-220
3.070839002,-220
3.073741497,-220
3.076643991,-220
3.079546485,-220
3.082448980,-220
3.085351474,-220
3.088253968,-220
3.091156463,-220
3.094058957,-220
3.096961451,-220
3.099863946,-220
3.102766440,-220
3.105668934,-220
3.108571429,-220
3.111473923,-220
3.114376417,-220
3.117278912,-220
3.120181406,-220
3.123083900,-220
3.125986395,-220
3.128888889,-220
3.131791383,-220
3.134693878,-220
3.137596372,-220
3.140498866,-220
3.143401361,-220
3.146303855,-220
3.149206349,-220
3.152108844,-220
3.155011338,-220
3.157913832,-220
3.160816327,-220
3.163718821,-220
3.166621315,-220
3.169523810,-220
3.172426304,-220
3.175328798,-220
3.178231293,-220
3.181133787,-220
3.184036281,-220
3.186938776,-220
3.189841270,-220
3.192743764,-220
3.195646259,-220
3.198548753,-220
3.201451247,-220
3.204353741,-220
3.207256236,-220
3.210158730,-220
3.213061224,-220
3.215963719,-220
3.218866213,-220
3.221768707,-220
3.224671202,-220
3.227573696,-220
3.230476190,-220
3.233378685,-220
3.236281179,-220
3.239183673,-220
3.242086168,-220
3.244988662,-220
3.247891156,-220
3.250793651,-220
3.253696145,-220
3.256598639,-220
3.259501134,-220
3.262403628,-220
3.265306122,-220
3.268208617,-220
3.271111111,-220
3.274013605,-220
3.276916100,-220
3.279818594,-220
3.282721088,-220
3.285623583,-220
3.288526077,-220
3.291428571,-220
3.294331066,-220
3.297233560,-220
3.300136054,-220
3.303038549,-220
3.305941043,-220
3.308843537,-220
3.311746032,-220
3.314648526,-220
3.317551020,-220
3.320453515,-220
3.323356009,-220
3.326258503,-220
3.329160998,-220
3.332063492,-220
3.334965986,-220
3.337868481,-220
3.340770975,-220
3.343673469,-220
3.346575964,-220
3.349478458,-220
3.352380952,-220
3.355283447,-220
3.358185941,-220
3.361088435,-220
3.363990930,-220
3.366893424,-220
3.369795918,-220
3.372698413,-220
3.375600907,-220
3.378503401,-220
3.381405896,-220
3.384308390,-220
3.387210884,-220
3.390113379,-220
3.393015873,-220
3.395918367,-220
3.398820862,-220
3.401723356,-220
3.404625850,-220
3.407528345,-220
3.410430839,-220
3.413333333,-220
3.416235828,-220
3.419138322,-220
3.422040816,-220
3.424943311,-220
3.427845805,-220
3.430748299,-220
3.433650794,-220
3.436553288,-220
3.439455782,-220
3.442358277,-220
3.445260771,-220
3.448163265,-220
3.451065760,-220
3.453968254,-220
3.456870748,-220
3.459773243,-220
3.462675737,-220
3.465578231,-220
3.468480726,-220
3.471383220,-220
3.474285714,-220
3.477188209,-220
3.480090703,-220
3.482993197,-220
3.485895692,-220
3.488798186,-220
3.491700680,-220
3.494603175,-220
3.497505669,-220
3.500408163,-220
3.503310658,-220
3.506213152,-220
3.509115646,-220
3.512018141,-220
3.514920635,-220
3.517823129,-220
3.520725624,-220
3.523628118,-220
3.526530612,-220
3.529433107,-220
3.532335601,-220
3.535238095,-220
3.538140590,-220
3.541043084,-220
3.543945578,-220
3.546848073,-220
3.549750567,-220
3.552653061,-220
3.555555556,-220
3.558458050,-220
3.561360544,-220
3.564263039,-220
3.567165533,-220
3.570068027,-220
3.572970522,-220
3.575873016,-220
3.578775510,-220
3.581678005,-220
3.584580499,-220
3.587482993,-220
3.590385488,-220
3.593287982,-220
3.596190476,-220
3.599092971,-220
3.601995465,-220
3.604897959,-220
3.607800454,-220
3.610702948,-220
3.613605442,-220
3.616507937,160.122
3.619410431,161.049
3.622312925,156.465
3.625215420,155.563
3.628117914,152.01
3.631020408,152.01
3.633922902,150.264
3.636825397,151.135
3.639727891,153.777
3.642630385,152.01
3.645532880,152.891
3.648435374,156.465
3.651337868,156.465
3.654240363,160.122
3.657142857,165.769
3.660045351,169.643
3.662947846,176.643
3.665850340,181.819
3.668752834,182.872
3.671655329,186.069
3.674557823,187.147
3.677460317,189.321
3.680362812,189.321
3.683265306,190.418
3.686167800,190.418
3.689070295,188.231
3.691972789,183.932
3.694875283,178.696
3.697777778,174.614
3.700680272,169.643
3.703582766,173.608
3.706485261,171.614
3.709387755,166.729
3.712290249,172.609
3.715192744,168.666
3.718095238,163.865
3.720997732,161.982
3.723900227,160.122
3.726802721,158.283
3.729705215,161.049
3.732607710,156.465
3.735510204,-220
3.738412698,-220
3.741315193,-220
3.744217687,-220
3.747120181,-220
3.750022676,-220
3.752925170,-220
3.755827664,-220
3.758730159,-220
3.761632653,-220
3.764535147,-220
3.767437642,-220
3.770340136,-220
3.773242630,-220
3.776145125,-220
3.779047619,-220
3.781950113,-220
3.784852608,-220
3.787755102,-220
3.790657596,-220
3.793560091,-220
3.796462585,-220
3.799365079,-220
3.802267574,-220
3.805170068,-220
3.808072562,-220
3.810975057,-220
3.813877551,-220
3.816780045,-220
3.819682540,-220
3.822585034,-220
3.825487528,-220
3.828390023,-220
3.831292517,-220
3.834195011,-220
3.837097506,-220
3.840000000,-220
3.842902494,-220
3.845804989,-220
3.848707483,-220
3.851609977,-220
3.854512472,-220
3.857414966,-220
3.860317460,-220
3.863219955,-220
3.866122449,-220
3.869024943,-220
3.871927438,-220
3.874829932,-220
3.877732426,-220
3.880634921,-220
3.883537415,-220
3.886439909,-220
3.889342404,-220
3.892244898,-220
3.895147392,-220
3.898049887,-220
3.900952381,-220
3.903854875,-220
3.906757370,-220
3.909659864,-220
3.912562358,-220
3.915464853,-220
3.918367347,-220
3.921269841,-220
3.924172336,-220
3.927074830,-220
3.929977324,-220
3.932879819,-220
3.935782313,-220
3.938684807,-220
3.941587302,-220
3.944489796,-220
3.947392290,-220
3.950294785,-220
3.953197279,-220
3.956099773,-220
3.959002268,-220
3.961904762,-220
3.964807256,-220
3.967709751,-220
3.970612245,-220
3.973514739,-220
3.976417234,-220
3.979319728,-220
3.982222222,-220
3.985124717,-220
3.988027211,-220
3.990929705,-220
3.993832200,158.283
3.996734694,158.283
3.999637188,154.668
4.002539683,152.891
4.005442177,152.01
4.008344671,150.264
4.011247166,151.135
4.014149660,153.777
4.017052154,152.01
4.019954649,152.891
4.022857143,155.563
4.025759637,155.563
4.028662132,159.2
4.031564626,164.814
4.034467120,169.643
4.037369615,176.643
4.040272109,181.819
4.043174603,182.872
4.046077098,183.932
4.048979592,186.069
4.051882086,189.321
4.054784580,189.321
4.057687075,190.418
4.060589569,190.418
4.063492063,189.321
4.066394558,186.069
4.069297052,179.731
4.072199546,174.614
4.075102041,170.626
4.078004535,173.608
4.080907029,171.614
4.083809524,167.695
4.086712018,171.614
4.089614512,168.666
4.092517007,163.865
4.095419501,164.814
4.098321995,160.122
4.101224490,158.283
4.104126984,161.982
4.107029478,157.371
4.109931973,156.465
4.112834467,157.371
4.115736961,161.049
4.118639456,161.982
4.121541950,155.563
4.124444444,148.538
4.127346939,-220
4.130249433,-220
4.133151927,-220
4.136054422,-220
4.138956916,-220
4.141859410,-220
4.144761905,-220
4.147664399,-220
4.150566893,-220
4.153469388,-220
4.156371882,-220
4.159274376,-220
4.162176871,-220
4.165079365,-220
4.167981859,-220
4.170884354,-220
4.173786848,-220
4.176689342,-220
4.179591837,-220
4.182494331,-220
4.185396825,-220
4.188299320,-220
4.191201814,-220
4.194104308,-220
4.197006803,-220
4.199909297,-220
4.202811791,-220
4.205714286,-220
4.208616780,-220
4.211519274,-220
4.214421769,-220
4.217324263,-220
4.220226757,-220
4.223129252,-220
4.226031746,-220
4.228934240,-220
4.231836735,-220
4.234739229,-220
4.237641723,-220
4.240544218,-220
4.243446712,-220
4.246349206,-220
4.249251701,-220
4.252154195,-220
4.255056689,-220
4.257959184,-220
4.260861678,-220
4.263764172,-220
4.266666667,-220
4.269569161,-220
4.272471655,-220
4.275374150,-220
4.278276644,-220
4.281179138,-220
4.284081633,-220
4.286984127,-220
4.289886621,-220
4.292789116,-220
4.295691610,-220
4.298594104,-220
4.301496599,-220
4.304399093,-220
4.307301587,-220
4.310204082,-220
4.313106576,-220
4.316009070,-220
4.318911565,-220
4.321814059,-220
4.324716553,-220
4.327619048,-220
4.330521542,-220
4.333424036,-220
4.336326531,-220
4.339229025,-220
4.342131519,-220
4.345034014,-220
4.347936508,-220
4.350839002,-220
4.353741497,-220
4.356643991,-220
4.359546485,-220
4.362448980,-220
4.365351474,-220
4.368253968,160.122
4.371156463,158.283
4.374058957,156.465
4.376961451,152.891
4.379863946,152.01
4.382766440,150.264
4.385668934,151.135
4.388571429,153.777
4.391473923,149.399
4.394376417,152.891
4.397278912,154.668
4.400181406,155.563
4.403083900,158.283
4.405986395,163.865
4.408888889,169.643
4.411791383,175.626
4.414693878,180.772
4.417596372,182.872
4.420498866,183.932
4.423401361,186.069
4.426303855,188.231
4.429206349,189.321
4.432108844,189.321
4.435011338,191.521
4.437913832,189.321
4.440816327,187.147
4.443718821,178.696
4.446621315,175.626
4.449523810,171.614
4.452426304,171.614
4.455328798,172.609
4.458231293,169.643
4.461133787,169.643
4.464036281,169.643
4.466938776,165.769
4.469841270,166.729
4.472743764,161.049
4.475646259,159.2
4.478548753,161.049
4.481451247,157.371
4.484353741,-220
4.487256236,-220
4.490158730,-220
4.493061224,-220
4.495963719,-220
4.498866213,-220
4.501768707,-220
4.504671202,-220
4.507573696,-220
4.510476190,-220
4.513378685,-220
4.516281179,-220
4.519183673,-220
4.522086168,-220
4.524988662,-220
4.527891156,-220
4.530793651,-220
4.533696145,-220
4.536598639,-220
4.539501134,-220
4.542403628,-220
4.545306122,-220
4.548208617,-220
4.551111111,-220
4.554013605,-220
4.556916100,-220
4.559818594,-220
4.562721088,-220
4.565623583,-220
4.568526077,-220
4.571428571,-220
4.574331066,-220
4.577233560,-220
4.580136054,-220
4.583038549,-220
4.585941043,-220
4.588843537,-220
4.591746032,-220
4.594648526,-220
4.597551020,-220
4.600453515,-220
4.603356009,-220
4.606258503,-220
4.609160998,-220
4.612063492,-220
4.614965986,-220
4.617868481,-220
4.620770975,-220
4.623673469,-220
4.626575964,-220
4.629478458,-220
4.632380952,-220
4.635283447,-220
4.638185941,-220
4.641088435,-220
4.643990930,-220
4.646893424,-220
4.649795918,-220
4.652698413,-220
4.655600907,-220
4.658503401,-220
4.661405896,-220
4.664308390,-220
4.667210884,-220
4.670113379,-220
4.673015873,-220
4.675918367,-220
4.678820862,-220
4.681723356,-220
4.684625850,-220
4.687528345,-220
4.690430839,-220
4.693333333,-220
4.696235828,-220
4.699138322,-220
4.702040816,-220
4.704943311,-220
4.707845805,-220
4.710748299,-220
4.713650794,-220
4.716553288,-220
4.719455782,-220
4.722358277,-220
4.725260771,-220
4.728163265,-220
4.731065760,-220
4.733968254,-220
4.736870748,-220
4.739773243,-220
4.742675737,-220
4.745578231,159.2
4.748480726,156.465
4.751383220,152.891
4.754285714,152.01
4.757188209,152.01
4.760090703,150.264
4.762993197,154.668
4.765895692,152.891
4.768798186,152.01
4.771700680,154.668
4.774603175,154.668
4.777505669,158.283
4.780408163,161.982
4.783310658,169.643
4.786213152,174.614
4.789115646,180.772
4.792018141,182.872
4.794920635,183.932
4.797823129,186.069
4.800725624,188.231
4.803628118,189.321
4.806530612,188.231
4.809433107,191.521
4.812335601,189.321
4.815238095,188.231
4.818140590,180.772
4.821043084,176.643
4.823945578,173.608
4.826848073,170.626
4.829750567,172.609
4.832653061,170.626
4.835555556,167.695
4.838458050,170.626
4.841360544,167.695
4.844263039,165.769
4.847165533,162.921
4.850068027,160.122
4.852970522,160.122
4.855873016,158.283
4.858775510,155.563
4.861678005,-220
4.864580499,-220
4.867482993,-220
4.870385488,-220
4.873287982,-220
4.876190476,-220
4.879092971,-220
4.881995465,-220
4.884897959,-220
4.887800454,-220
4.890702948,-220
4.893605442,-220
4.896507937,-220
4.899410431,-220
4.902312925,-220
4.905215420,-220
4.908117914,-220
4.911020408,-220
4.913922902,-220
4.916825397,-220
4.919727891,-220
4.922630385,-220
4.925532880,-220
4.928435374,-220
4.931337868,-220
4.934240363,-220
4.937142857,-220
4.940045351,-220
4.942947846,-220
4.945850340,-220
4.948752834,-220
4.951655329,-220
4.954557823,-220
4.957460317,-220
4.960362812,-220
4.963265306,-220
4.966167800,-220
4.969070295,-220
4.971972789,-220
4.974875283,-220
4.977777778,-220
4.980680272,-220
4.983582766,-220
4.986485261,-220
4.989387755,-220
4.992290249,-220
4.995192744,-220
4.998095238,-220
5.000997732,-220
5.003900227,-220
5.006802721,-220
5.009705215,-220
5.012607710,-220
5.015510204,-220
5.018412698,-220
5.021315193,-220
5.024217687,-220
5.027120181,-220
5.030022676,-220
5.032925170,-220
5.035827664,-220
5.038730159,-220
5.041632653,-220
5.044535147,-220
5.047437642,-220
5.050340136,-220
5.053242630,-220
5.056145125,-220
5.059047619,-220
5.061950113,-220
5.064852608,-220
5.067755102,-220
5.070657596,-220
5.073560091,-220
5.076462585,-220
5.079365079,-220
5.082267574,-220
5.085170068,-220
5.088072562,-220
5.090975057,-220
5.093877551,-220
5.096780045,-220
5.099682540,-220
5.102585034,-220
5.105487528,-220
5.108390023,-220
5.111292517,-220
5.114195011,-220
5.117097506,-220
5.120000000,-220
5.122902494,-220
5.125804989,-220
5.128707483,-220
5.131609977,-220
5.134512472,-220
5.137414966,-220
5.140317460,-220
5.143219955,-220
5.146122449,-220
5.149024943,-220
5.151927438,-220
5.154829932,-220
5.157732426,-220
5.160634921,-220
5.163537415,-220
5.166439909,-220
5.169342404,-220
5.172244898,-220
5.175147392,-220
5.178049887,-220
5.180952381,-220
5.183854875,-220
5.186757370,-220
5.189659864,-220
5.192562358,-220
5.195464853,-220
5.198367347,-220
5.201269841,-220
5.204172336,-220
5.207074830,-220
5.209977324,-220
5.212879819,-220
5.215782313,-220
5.218684807,-220
5.221587302,-220
5.224489796,-220
5.227392290,-220
5.230294785,-220
5.233197279,-220
5.236099773,-220
5.239002268,-220
5.241904762,-220
5.244807256,-220
5.247709751,-220
5.250612245,-220
5.253514739,-220
5.256417234,-220
5.259319728,-220
5.262222222,-220
5.265124717,-220
5.268027211,-220
5.270929705,-220
5.273832200,-220
5.276734694,-220
5.279637188,-220
5.282539683,-220
5.285442177,-220
5.288344671,-220
5.291247166,-220
5.294149660,-220
5.297052154,-220
5.299954649,-220
5.302857143,-220
5.305759637,-220
5.308662132,-220
5.311564626,-220
5.314467120,-220
5.317369615,-220
5.320272109,-220
5.323174603,-220
5.326077098,-220
5.328979592,-220
5.331882086,-220
5.334784580,-220
5.337687075,-220
5.340589569,-220
5.343492063,-220
5.346394558,-220
5.349297052,-220
5.352199546,-220
5.355102041,-220
5.358004535,-220
5.360907029,-220
5.363809524,-220
5.366712018,-220
5.369614512,-220
5.372517007,-220
5.375419501,-220
5.378321995,-220
5.381224490,-220
5.384126984,-220
5.387029478,-220
5.389931973,-220
5.392834467,-220
5.395736961,-220
5.398639456,-220
5.401541950,-220
5.404444444,-220
5.407346939,-220
5.410249433,-220
5.413151927,-220
5.416054422,-220
5.418956916,-220
5.421859410,-220
5.424761905,-220
5.427664399,-220
5.430566893,-220
5.433469388,-220
5.436371882,-220
5.439274376,-220
5.442176871,-220
5.445079365,-220
5.447981859,-220
5.450884354,-220
5.453786848,-220
5.456689342,-220
5.459591837,-220
5.462494331,-220
5.465396825,-220
5.468299320,-220
5.471201814,-220
5.474104308,-220
5.477006803,-220
5.479909297,-220
5.482811791,-220
5.485714286,-220
5.488616780,-220
5.491519274,-220
5.494421769,-220
5.497324263,-220
5.500226757,-220
5.503129252,-220
5.506031746,-220
5.508934240,-220
5.511836735,-220
5.514739229,-220
5.517641723,-220
5.520544218,-220
5.523446712,-220
5.526349206,-220
5.529251701,-220
5.532154195,-220
5.535056689,-220
5.537959184,-220
5.540861678,-220
5.543764172,-220
5.546666667,-220
5.549569161,-220
5.552471655,-220
5.555374150,-220
5.558276644,-220
5.561179138,-220
5.564081633,-220
5.566984127,-220
5.569886621,-220
5.572789116,-220
5.575691610,-220
5.578594104,-220
5.581496599,-220
5.584399093,-220
5.587301587,-220
5.590204082,-220
5.593106576,-220
5.596009070,-220
5.598911565,-220
5.601814059,-220
5.604716553,-220
5.607619048,-220
5.610521542,-220
5.613424036,-220
5.616326531,-220
5.619229025,-220
5.622131519,-220
5.625034014,-220
5.627936508,-220
5.630839002,-220
5.633741497,-220
5.636643991,-220
5.639546485,-220
5.642448980,-220
5.645351474,-220
5.648253968,-220
5.651156463,-220
5.654058957,-220
5.656961451,-220
5.659863946,-220
5.662766440,-220
5.665668934,-220
5.668571429,-220
5.671473923,-220
5.674376417,-220
5.677278912,-220
5.680181406,-220
5.683083900,-220
5.685986395,-220
5.688888889,-220
5.691791383,-220
5.694693878,-220
5.697596372,-220
5.700498866,-220
5.703401361,-220
5.706303855,-220
5.709206349,-220
5.712108844,-220
5.715011338,-220
5.717913832,-220
5.720816327,-220
5.723718821,-220
5.726621315,-220
5.729523810,-220
5.732426304,-220
5.735328798,-220
5.738231293,-220
5.741133787,-220
5.744036281,-220
5.746938776,-220
5.749841270,-220
5.752743764,-220
5.755646259,-220
5.758548753,-220
5.761451247,-220
5.764353741,-220
5.767256236,-220
5.770158730,-220
5.773061224,-220
5.775963719,-220
5.778866213,-220
5.781768707,-220
5.784671202,-220
5.787573696,-220
5.790476190,-220
5.793378685,-220
5.796281179,-220
5.799183673,-220
5.802086168,-220
5.804988662,-220
5.807891156,-220
5.810793651,-220
5.813696145,-220
5.816598639,-220
5.819501134,-220
5.822403628,-220
5.825306122,-220
5.828208617,-220
5.831111111,-220
5.834013605,-220
5.836916100,-220
5.839818594,-220
5.842721088,-220
5.845623583,-220
5.848526077,-220
5.851428571,-220
5.854331066,-220
5.857233560,-220
5.860136054,-220
5.863038549,-220
5.865941043,-220
5.868843537,-220
5.871746032,-220
5.874648526,-220
5.877551020,-220
5.880453515,-220
5.883356009,-220
5.886258503,-220
5.889160998,-220
5.892063492,-220
5.894965986,-220
5.897868481,-220
5.900770975,-220
5.903673469,-220
5.906575964,-220
5.909478458,-220
5.912380952,-220
5.915283447,-220
5.918185941,-220
5.921088435,-220
5.923990930,-220
5.926893424,-220
5.929795918,-220
5.932698413,-220
5.935600907,-220
5.938503401,-220
5.941405896,-220
5.944308390,-220
5.947210884,-220
5.950113379,-220
5.953015873,-220
5.955918367,-220
5.958820862,-220
5.961723356,-220
5.964625850,-220
5.967528345,-220
5.970430839,-220
5.973333333,-220
5.976235828,-220
5.979138322,-220
5.982040816,-220
5.984943311,-220
5.987845805,107.488
5.990748299,105.641
5.993650794,105.033
5.996553288,106.253
5.999455782,104.428
6.002358277,102.634
6.005260771,102.043
6.008163265,100.289
6.011065760,100.87
6.013968254,101.455
6.016870748,102.043
6.019773243,98.5666
6.022675737,96.8732
6.025578231,92.4986
6.028480726,89.8653
6.031383220,86.3043
6.034285714,85.8072
6.037188209,87.8128
6.040090703,90.3859
6.042993197,91.4362
6.045895692,91.9659
6.048798186,93.0344
6.051700680,95.209
6.054603175,95.209
6.057505669,95.209
6.060408163,95.209
6.063310658,94.6607
6.066213152,93.5734
6.069115646,89.8653
6.072018141,87.8128
6.074920635,85.8072
6.077823129,86.3043
6.080725624,85.8072
6.083628118,84.3331
6.086530612,85.313
6.089433107,84.8216
6.092335601,82.4069
6.095238095,84.8216
6.098140590,-220
6.101043084,-220
6.103945578,-220
6.106848073,-220
6.109750567,-220
6.112653061,-220
6.115555556,-220
6.118458050,-220
6.121360544,-220
6.124263039,-220
6.127165533,-220
6.130068027,-220
6.132970522,-220
6.135873016,-220
6.138775510,-220
6.141678005,-220
6.144580499,-220
6.147482993,-220
6.150385488,-220
6.153287982,-220
6.156190476,-220
6.159092971,-220
6.161995465,-220
6.164897959,-220
6.167800454,-220
6.170702948,-220
6.173605442,-220
6.176507937,-220
6.179410431,-220
6.182312925,-220
6.185215420,-110
6.188117914,-110
6.191020408,-110
6.193922902,-110
6.196825397,-110
6.199727891,-110
6.202630385,-110
6.205532880,-110
6.208435374,-110
6.211337868,-110
6.214240363,-110
6.217142857,-110
6.220045351,-110
6.222947846,-110
6.225850340,-110
6.228752834,-110
6.231655329,-110
6.234557823,-110
6.237460317,-110
6.240362812,-110
6.243265306,-110
6.246167800,-110
6.249070295,-110
6.251972789,-110
6.254875283,-110
6.257777778,-110
6.260680272,-110
6.263582766,-110
6.266485261,-110
6.269387755,-110
6.272290249,-110
6.275192744,-110
6.278095238,-110
6.280997732,-110
6.283900227,-110
6.286802721,-110
6.289705215,-110
6.292607710,-110
6.295510204,-110
6.298412698,-110
6.301315193,-110
6.304217687,-110
6.307120181,-110
6.310022676,-110
6.312925170,-110
6.315827664,-110
6.318730159,-110
6.321632653,-110
6.324535147,-110
6.327437642,-110
6.330340136,-110
6.333242630,-110
6.336145125,-110
6.339047619,-110
6.341950113,-110
6.344852608,-110
6.347755102,-110
6.350657596,-110
6.353560091,-110
6.356462585,-110
6.359365079,-110
6.362267574,-110
6.365170068,-110
6.368072562,-110
6.370975057,-110
6.373877551,-110
6.376780045,-110
6.379682540,-110
6.382585034,-110
6.385487528,-110
6.388390023,-110
6.391292517,-110
6.394195011,-110
6.397097506,-110
6.400000000,-110
6.402902494,-110
6.405804989,-110
6.408707483,-110
6.411609977,-110
6.414512472,-110
6.417414966,-110
6.420317460,-110
6.423219955,-110
6.426122449,-110
6.429024943,-110
6.431927438,-110
6.434829932,-110
6.437732426,-110
6.440634921,-110
6.443537415,-110
6.446439909,-110
6.449342404,-110
6.452244898,-110
6.455147392,-110
6.458049887,-110
6.460952381,-110
6.463854875,-110
6.466757370,-110
6.469659864,-110
6.472562358,-110
6.475464853,-110
6.478367347,-110
6.481269841,-110
6.484172336,-110
6.487074830,-110
6.489977324,-110
6.492879819,-110
6.495782313,-110
6.498684807,-110
6.501587302,-110
6.504489796,-110
6.507392290,-110
6.510294785,-110
6.513197279,-110
6.516099773,-110
6.519002268,-110
6.521904762,-110
6.524807256,-110
6.527709751,-110
6.530612245,-110
6.533514739,-110
6.536417234,-110
6.539319728,-110
6.542222222,-110
6.545124717,-110
6.548027211,-110
6.550929705,-110
6.553832200,-110
6.556734694,-110
6.559637188,-110
6.562539683,-110
6.565442177,-110
6.568344671,-110
6.571247166,-110
6.574149660,-110
6.577052154,-110
6.579954649,-110
6.582857143,-110
6.585759637,-110
6.588662132,-110
6.591564626,-110
6.594467120,-110
6.597369615,-110
6.600272109,-110
6.603174603,-110
6.606077098,-110
6.608979592,-110
6.611882086,-110
6.614784580,-110
6.617687075,-110
6.620589569,-110
6.623492063,-110
6.626394558,-110
6.629297052,-110
6.632199546,-110
6.635102041,-110
6.638004535,-110
6.640907029,-110
6.643809524,-110
6.646712018,-110
6.649614512,-110
6.652517007,-110
6.655419501,-110
6.658321995,-110
6.661224490,-110
6.664126984,-110
6.667029478,-110
6.669931973,-110
6.672834467,-110
6.675736961,-110
6.678639456,-110
6.681541950,-110
6.684444444,-110
6.687346939,-110
6.690249433,-110
6.693151927,-110
6.696054422,-110
6.698956916,-110
6.701859410,-110
6.704761905,-110
6.707664399,-110
6.710566893,-110
6.713469388,-110
6.716371882,-110
6.719274376,-110
6.722176871,-110
6.725079365,-110
6.727981859,-110
6.730884354,-110
6.733786848,-110
6.736689342,-110
6.739591837,-110
6.742494331,-110
6.745396825,-110
6.748299320,-110
6.751201814,-110
6.754104308,-110
6.757006803,-110
6.759909297,-110
6.762811791,-110
6.765714286,-110
6.768616780,-110
6.771519274,-110
6.774421769,-110
6.777324263,-110
6.780226757,-110
6.783129252,-110
6.786031746,-110
6.788934240,-110
6.791836735,-110
6.794739229,-110
6.797641723,-110
6.800544218,-110
6.803446712,-110
6.806349206,-110
6.809251701,-110
6.812154195,-110
6.815056689,-110
6.817959184,-110
6.820861678,-110
6.823764172,-110
6.826666667,-110
6.829569161,-110
6.832471655,-110
6.835374150,-110
6.838276644,-110
6.841179138,-110
6.844081633,-110
6.846984127,-110
6.849886621,-110
6.852789116,-110
6.855691610,-110
6.858594104,-110
6.861496599,-110
6.864399093,-110
6.867301587,-110
6.870204082,-110
6.873106576,-110
6.876009070,-110
6.878911565,-110
6.881814059,-110
6.884716553,-110
6.887619048,-110
6.890521542,-110
6.893424036,-110
6.896326531,-110
6.899229025,-110
6.902131519,-110
6.905034014,-110
6.907936508,-110
6.910839002,-110
6.913741497,-110
6.916643991,-110
6.919546485,-110
6.922448980,-110
6.925351474,-110
6.928253968,-110
6.931156463,-110
6.934058957,-110
6.936961451,-110
6.939863946,-110
6.942766440,-110
6.945668934,-110
6.948571429,-110
6.951473923,-110
6.954376417,-110
6.957278912,-110
6.960181406,-110
6.963083900,-110
6.965986395,-110
6.968888889,-110
6.971791383,-110
6.974693878,-110
6.977596372,-110
6.980498866,-110
6.983401361,-110
6.986303855,-110
6.989206349,-110
6.992108844,-110
6.995011338,-110
6.997913832,-110
7.000816327,-110
7.003718821,-110
7.006621315,-110
7.009523810,-110
7.012426304,-110
7.015328798,-110
7.018231293,-110
7.021133787,-110
7.024036281,-110
7.026938776,-110
7.029841270,-110
7.032743764,-110
7.035646259,-110
7.038548753,-110
7.041451247,-110
7.044353741,-110
7.047256236,-110
7.050158730,-110
7.053061224,-110
7.055963719,-110
7.058866213,-110
7.061768707,-110
7.064671202,-110
7.067573696,-110
7.070476190,-110
7.073378685,-110
7.076281179,-110
7.079183673,-110
7.082086168,-110
7.084988662,-110
7.087891156,-110
7.090793651,-110
7.093696145,-110
7.096598639,-110
7.099501134,-110
7.102403628,-110
7.105306122,-110
7.108208617,-110
7.111111111,-110
7.114013605,-110
7.116916100,-110
7.119818594,-110
7.122721088,-110
7.125623583,-110
7.128526077,-110
7.131428571,-110
7.134331066,-110
7.137233560,-110
7.140136054,-110
7.143038549,-110
7.145941043,-110
7.148843537,-110
7.151746032,-110
7.154648526,-110
7.157551020,-110
7.160453515,-110
7.163356009,-110
7.166258503,-110
7.169160998,-110
7.172063492,-110
7.174965986,-110
7.177868481,-110
7.180770975,-110
7.183673469,-110
7.186575964,-110
7.189478458,-110
7.192380952,-110
7.195283447,-110
7.198185941,-110
7.201088435,-110
7.203990930,-110
7.206893424,-110
7.209795918,-110
7.212698413,-110
7.215600907,-110
7.218503401,-110
7.221405896,-110
7.224308390,-110
7.227210884,-110
7.230113379,-110
7.233015873,-110
7.235918367,-110
7.238820862,-110
7.241723356,-110
7.244625850,-110
7.247528345,-110
7.250430839,-110
7.253333333,-110
7.256235828,-110
7.259138322,-110
7.262040816,-110
7.264943311,-110
7.267845805,-110
7.270748299,-110
7.273650794,-110
7.276553288,-110
7.279455782,-110
7.282358277,-110
7.285260771,-110
7.288163265,-110
7.291065760,-110
7.293968254,-110
7.296870748,-110
7.299773243,-110
7.302675737,-110
7.305578231,-110
7.308480726,-110
7.311383220,-110
7.314285714,-110
7.317188209,-110
7.320090703,-110
7.322993197,-110
7.325895692,-110
7.328798186,-110
7.331700680,-110
7.334603175,-110
7.337505669,-110
7.340408163,-110
7.343310658,-110
7.346213152,-110
7.349115646,-110
7.352018141,-110
7.354920635,-110
7.357823129,-110
7.360725624,-110
7.363628118,-110
7.366530612,-110
7.369433107,-110
7.372335601,-110
7.375238095,-110
7.378140590,-110
7.381043084,-110
7.383945578,-110
7.386848073,-110
7.389750567,-110
7.392653061,-110
7.395555556,-110
7.398458050,-110
7.401360544,-110
7.404263039,-110
7.407165533,-110
7.410068027,-110
7.412970522,-110
7.415873016,-110
7.418775510,-110
7.421678005,-110
7.424580499,-110
7.427482993,-110
7.430385488,-110
7.433287982,-110
7.436190476,-110
7.439092971,-110
7.441995465,-110
7.444897959,-110
7.447800454,-110
7.450702948,-110
7.453605442,-110
7.456507937,-110
7.459410431,-110
7.462312925,-110
7.465215420,-110
7.468117914,-110
7.471020408,-110
7.473922902,-110
7.476825397,-110
7.479727891,-110
7.482630385,-110
7.485532880,-110
7.488435374,-110
7.491337868,-110
7.494240363,-110
7.497142857,-110
7.500045351,-110
7.502947846,-110
7.505850340,-110
7.508752834,-110
7.511655329,-110
7.514557823,-110
7.517460317,-110
7.520362812,-110
7.523265306,-110
7.526167800,-110
7.529070295,-110
7.531972789,-110
7.534875283,-110
7.537777778,-110
7.540680272,-110
7.543582766,-110
7.546485261,-110
7.549387755,-110
7.552290249,-110
7.555192744,-110
7.558095238,-110
7.560997732,-110
7.563900227,-110
7.566802721,-110
7.569705215,-110
7.572607710,-110
7.575510204,-110
7.578412698,-110
7.581315193,-110
7.584217687,-110
7.587120181,-110
7.590022676,-110
7.592925170,-110
7.595827664,-110
7.598730159,-110
7.601632653,-110
7.604535147,-110
7.607437642,-110
7.610340136,-110
7.613242630,-110
7.616145125,-110
7.619047619,158.283
7.621950113,158.283
7.624852608,154.668
7.627755102,152.891
7.630657596,152.01
7.633560091,150.264
7.636462585,151.135
7.639365079,153.777
7.642267574,149.399
7.645170068,152.891
7.648072562,155.563
7.650975057,155.563
7.653877551,159.2
7.656780045,164.814
7.659682540,169.643
7.662585034,175.626
7.665487528,180.772
7.668390023,182.872
7.671292517,183.932
7.674195011,186.069
7.677097506,189.321
7.680000000,189.321
7.682902494,189.321
7.685804989,190.418
7.688707483,189.321
7.691609977,186.069
7.694512472,179.731
7.697414966,174.614
7.700317460,170.626
7.703219955,172.609
7.706122449,171.614
7.709024943,168.666
7.711927438,170.626
7.714829932,168.666
7.717732426,164.814
7.720634921,164.814
7.723537415,160.122
7.726439909,158.283
7.729342404,161.982
7.732244898,157.371
7.735147392,-110
7.738049887,-110
7.740952381,-110
7.743854875,-110
7.746757370,-110
7.749659864,-110
7.752562358,-110
7.755464853,-110
7.758367347,-110
7.761269841,-110
7.764172336,-110
7.767074830,-110
7.769977324,-110
7.772879819,-110
7.775782313,-110
7.778684807,-110
7.781587302,-110
7.784489796,-110
7.787392290,-110
7.790294785,-110
7.793197279,-110
7.796099773,-110
7.799002268,-110
7.801904762,-110
7.804807256,-110
7.807709751,-110
7.810612245,-110
7.813514739,-110
7.816417234,-110
7.819319728,-110
7.822222222,-110
7.825124717,-110
7.828027211,-110
7.830929705,-110
7.833832200,-110
7.836734694,-110
7.839637188,-110
7.842539683,-110
7.845442177,-110
7.848344671,-110
7.851247166,-110
7.854149660,-110
7.857052154,-110
7.859954649,-110
7.862857143,-110
7.865759637,-110
7.868662132,-110
7.871564626,-110
7.874467120,-110
7.877369615,-110
7.880272109,-110
7.883174603,-110
7.886077098,-110
7.888979592,-110
7.891882086,-110
7.894784580,-110
7.897687075,-110
7.900589569,-110
7.903492063,-110
7.906394558,-110
7.909297052,-110
7.912199546,-110
7.915102041,-110
7.918004535,-110
7.920907029,-110
7.923809524,-110
7.926712018,-110
7.929614512,-110
7.932517007,-110
7.935419501,-110
7.938321995,-110
7.941224490,-110
7.944126984,-110
7.947029478,-110
7.949931973,-110
7.952834467,-110
7.955736961,-110
7.958639456,-110
7.961541950,-110
7.964444444,-110
7.967346939,-110
7.970249433,-110
7.973151927,-110
7.976054422,-110
7.978956916,-110
7.981859410,-110
7.984761905,-110
7.987664399,-110
7.990566893,-110
